x,y,t,v,l,c
23.369694,60.929833,1440,0,0.0,45
23.37633317531337,60.93124645214509,1441,0,0.0,45
23.38297235062674,60.93265990429018,1442,0,0.0,45
23.38961152594011,60.93407335643527,1443,0,0.0,45
23.396250701253482,60.935486808580364,1444,0,0.0,45
23.402889876566853,60.93690026072545,1445,0,0.0,45
23.409529051880224,60.938313712870546,1446,0,0.0,45
23.416168227193594,60.93972716501563,1447,0,0.0,45
23.422807402506965,60.94114061716073,1448,0,0.0,45
23.429446577820336,60.942554069305814,1449,0,0.0,45
23.436085753133707,60.94396752145091,1450,0,0.0,45
23.442724928447078,60.945380973595995,1451,0,0.0,45
23.44936410376045,60.94679442574109,1452,0,0.0,45
23.45600327907382,60.948207877886176,1453,0,0.0,45
23.46264245438719,60.94962133003127,1454,0,0.0,45
23.46928162970056,60.95103478217636,1455,0,0.0,45
23.47592080501393,60.95244823432145,1456,0,0.0,45
23.482559980327302,60.95386168646654,1457,0,0.0,45
23.489199155640673,60.95527513861163,1458,0,0.0,45
23.490496007885216,60.95555123293064,1459,0,45.0,45
23.490496007885216,60.95555123293064,1460,0,45.0,45
23.490496007885216,60.95555123293064,1461,0,45.0,45
23.490496007885216,60.95555123293064,1462,0,45.0,45
23.490496007885216,60.95555123293064,1463,0,45.0,45
23.490496007885216,60.95555123293064,1464,0,45.0,45
23.490496007885216,60.95555123293064,1465,0,45.0,45
23.490496007885216,60.95555123293064,1466,0,45.0,45
23.490496007885216,60.95555123293064,1467,0,45.0,45
23.490496007885216,60.95555123293064,1468,0,45.0,45
23.490496007885216,60.95555123293064,1469,0,45.0,45
23.490496007885216,60.95555123293064,1470,0,45.0,45
23.490496007885216,60.95555123293064,1471,0,45.0,45
23.490496007885216,60.95555123293064,1472,0,45.0,45
23.490496007885216,60.95555123293064,1473,0,45.0,45
23.490496007885216,60.95555123293064,1474,0,45.0,45
23.490496007885216,60.95555123293064,1475,0,45.0,45
23.490496007885216,60.95555123293064,1476,0,45.0,45
23.490496007885216,60.95555123293064,1477,0,45.0,45
23.490496007885216,60.95555123293064,1478,0,45.0,45
23.490496007885216,60.95555123293064,1479,0,45.0,45
23.490496007885216,60.95555123293064,1480,0,45.0,45
23.490496007885216,60.95555123293064,1481,0,45.0,45
23.490496007885216,60.95555123293064,1482,0,45.0,45
23.490496007885216,60.95555123293064,1483,0,45.0,45
23.490496007885216,60.95555123293064,1484,0,45.0,45
23.490496007885216,60.95555123293064,1485,0,45.0,45
23.490496007885216,60.95555123293064,1486,0,45.0,45
23.490496007885216,60.95555123293064,1487,0,45.0,45
23.490496007885216,60.95555123293064,1488,0,45.0,45
23.490496007885216,60.95555123293064,1489,0,45.0,45
23.490496007885216,60.95555123293064,1490,0,45.0,45
23.490496007885216,60.95555123293064,1491,0,45.0,45
23.490496007885216,60.95555123293064,1492,0,45.0,45
23.490496007885216,60.95555123293064,1493,0,45.0,45
23.490496007885216,60.95555123293064,1494,0,45.0,45
23.490496007885216,60.95555123293064,1495,0,45.0,45
23.490496007885216,60.95555123293064,1496,0,45.0,45
23.490496007885216,60.95555123293064,1497,0,45.0,45
23.490496007885216,60.95555123293064,1498,0,45.0,45
23.490496007885216,60.95555123293064,1499,0,45.0,45
23.490496007885216,60.95555123293064,1500,0,45.0,45
23.490496007885216,60.95555123293064,1501,0,45.0,45
23.490496007885216,60.95555123293064,1502,0,45.0,45
23.490496007885216,60.95555123293064,1503,0,45.0,45
23.490496007885216,60.95555123293064,1504,0,45.0,45
23.490496007885216,60.95555123293064,1505,0,45.0,45
23.490496007885216,60.95555123293064,1506,0,45.0,45
23.490496007885216,60.95555123293064,1507,0,45.0,45
23.490496007885216,60.95555123293064,1508,0,45.0,45
23.490496007885216,60.95555123293064,1509,0,45.0,45
23.490496007885216,60.95555123293064,1510,0,45.0,45
23.490496007885216,60.95555123293064,1511,0,45.0,45
23.490496007885216,60.95555123293064,1512,0,45.0,45
23.490496007885216,60.95555123293064,1513,0,45.0,45
23.485153684816392,60.95441387510456,1514,0,45.0,45
23.47851450950302,60.95300042295946,1515,0,45.0,45
23.47187533418965,60.951586970814375,1516,0,45.0,45
23.46523615887628,60.95017351866928,1517,0,45.0,45
23.45859698356291,60.948760066524194,1518,0,45.0,45
23.45195780824954,60.9473466143791,1519,0,45.0,45
23.445318632936168,60.94593316223401,1520,0,45.0,45
23.438679457622797,60.94451971008892,1521,0,45.0,45
23.432040282309426,60.94310625794383,1522,0,45.0,45
23.425401106996055,60.94169280579874,1523,0,45.0,45
23.418761931682685,60.94027935365365,1524,0,45.0,45
23.412122756369314,60.938865901508564,1525,0,45.0,45
23.405483581055943,60.93745244936347,1526,0,45.0,45
23.398844405742572,60.93603899721838,1527,0,45.0,45
23.3922052304292,60.93462554507329,1528,0,45.0,45
23.38556605511583,60.9332120929282,1529,0,45.0,45
23.37892687980246,60.93179864078311,1530,0,45.0,45
23.37228770448909,60.93038518863802,1531,0,45.0,45
23.369694,60.929833,1440,1,0.0,45
23.37124030079917,60.92374004529622,1441,1,0.0,45
23.37278660159834,60.917647090592446,1442,1,0.0,45
23.374332902397512,60.911554135888665,1443,1,0.0,45
23.375879203196682,60.90546118118488,1444,1,0.0,45
23.377425503995852,60.89936822648111,1445,1,0.0,45
23.37897180479502,60.89327527177733,1446,1,0.0,45
23.380518105594195,60.887182317073545,1447,1,0.0,45
23.382064406393365,60.88108936236977,1448,1,0.0,45
23.383610707192535,60.87499640766599,1449,1,0.0,45
23.385157007991705,60.86890345296221,1450,1,0.0,45
23.386703308790878,60.86281049825843,1451,1,0.0,45
23.388249609590048,60.85671754355465,1452,1,0.0,45
23.389795910389218,60.85062458885087,1453,1,0.0,45
23.391342211188388,60.844531634147096,1454,1,0.0,45
23.392888511987557,60.838438679443314,1455,1,0.0,45
23.39443481278673,60.83234572473953,1456,1,0.0,45
23.3959811135859,60.82625277003576,1457,1,0.0,45
23.39752741438507,60.82015981533198,1458,1,0.0,45
23.39907371518424,60.814066860628195,1459,1,0.0,45
23.400620015983414,60.80797390592441,1460,1,0.0,45
23.402166316782584,60.80188095122064,1461,1,0.0,45
23.403712617581753,60.79578799651686,1462,1,0.0,45
23.405258918380923,60.789695041813076,1463,1,0.0,45
23.406805219180097,60.7836020871093,1464,1,0.0,45
23.408351519979266,60.77750913240552,1465,1,0.0,45
23.409897820778436,60.77141617770174,1466,1,0.0,45
23.411444121577606,60.765323222997964,1467,1,0.0,45
23.41299042237678,60.75923026829418,1468,1,0.0,45
23.41453672317595,60.7531373135904,1469,1,0.0,45
23.41608302397512,60.747044358886626,1470,1,0.0,45
23.41762932477429,60.740951404182844,1471,1,0.0,45
23.41917562557346,60.73485844947906,1472,1,0.0,45
23.420721926372632,60.72876549477529,1473,1,0.0,45
23.422268227171802,60.72267254007151,1474,1,0.0,45
23.423814527970972,60.716579585367725,1475,1,0.0,45
23.425360828770142,60.71048663066395,1476,1,0.0,45
23.426907129569315,60.70439367596017,1477,1,0.0,45
23.428453430368485,60.69830072125639,1478,1,0.0,45
23.429999731167655,60.69220776655261,1479,1,0.0,45
23.431083172594274,60.68793863629016,1480,1,45.0,45
23.431083172594274,60.68793863629016,1481,1,45.0,45
23.431083172594274,60.68793863629016,1482,1,45.0,45
23.431083172594274,60.68793863629016,1483,1,45.0,45
23.431083172594274,60.68793863629016,1484,1,45.0,45
23.431083172594274,60.68793863629016,1485,1,45.0,45
23.431083172594274,60.68793863629016,1486,1,45.0,45
23.431083172594274,60.68793863629016,1487,1,45.0,45
23.431083172594274,60.68793863629016,1488,1,45.0,45
23.431083172594274,60.68793863629016,1489,1,45.0,45
23.431083172594274,60.68793863629016,1490,1,45.0,45
23.431083172594274,60.68793863629016,1491,1,45.0,45
23.431083172594274,60.68793863629016,1492,1,45.0,45
23.431083172594274,60.68793863629016,1493,1,45.0,45
23.431083172594274,60.68793863629016,1494,1,45.0,45
23.431083172594274,60.68793863629016,1495,1,45.0,45
23.431083172594274,60.68793863629016,1496,1,45.0,45
23.431083172594274,60.68793863629016,1497,1,45.0,45
23.431083172594274,60.68793863629016,1498,1,45.0,45
23.431083172594274,60.68793863629016,1499,1,45.0,45
23.431083172594274,60.68793863629016,1500,1,45.0,45
23.431083172594274,60.68793863629016,1501,1,45.0,45
23.431083172594274,60.68793863629016,1502,1,45.0,45
23.431083172594274,60.68793863629016,1503,1,45.0,45
23.431083172594274,60.68793863629016,1504,1,45.0,45
23.431083172594274,60.68793863629016,1505,1,45.0,45
23.431083172594274,60.68793863629016,1506,1,45.0,45
23.431083172594274,60.68793863629016,1507,1,45.0,45
23.431083172594274,60.68793863629016,1508,1,45.0,45
23.431083172594274,60.68793863629016,1509,1,45.0,45
23.431083172594274,60.68793863629016,1510,1,45.0,45
23.431083172594274,60.68793863629016,1511,1,45.0,45
23.431083172594274,60.68793863629016,1512,1,45.0,45
23.431083172594274,60.68793863629016,1513,1,45.0,45
23.431083172594274,60.68793863629016,1514,1,45.0,45
23.431083172594274,60.68793863629016,1515,1,45.0,45
23.431083172594274,60.68793863629016,1516,1,45.0,45
23.431083172594274,60.68793863629016,1517,1,45.0,45
23.431083172594274,60.68793863629016,1518,1,45.0,45
23.431083172594274,60.68793863629016,1519,1,45.0,45
23.431083172594274,60.68793863629016,1520,1,45.0,45
23.431083172594274,60.68793863629016,1521,1,45.0,45
23.431083172594274,60.68793863629016,1522,1,45.0,45
23.431083172594274,60.68793863629016,1523,1,45.0,45
23.431083172594274,60.68793863629016,1524,1,45.0,45
23.431083172594274,60.68793863629016,1525,1,45.0,45
23.431083172594274,60.68793863629016,1526,1,45.0,45
23.431083172594274,60.68793863629016,1527,1,45.0,45
23.431083172594274,60.68793863629016,1528,1,45.0,45
23.431083172594274,60.68793863629016,1529,1,45.0,45
23.431083172594274,60.68793863629016,1530,1,45.0,45
23.431083172594274,60.68793863629016,1531,1,45.0,45
23.431083172594274,60.68793863629016,1532,1,45.0,45
23.431083172594274,60.68793863629016,1533,1,45.0,45
23.431083172594274,60.68793863629016,1534,1,45.0,45
23.430619647718594,60.689765083041735,1535,1,45.0,45
23.429071123635026,60.695866798247444,1536,1,45.0,45
23.427522599551455,60.701968513453146,1537,1,45.0,45
23.425974075467888,60.70807022865885,1538,1,45.0,45
23.42442555138432,60.71417194386455,1539,1,45.0,45
23.422877027300753,60.72027365907025,1540,1,45.0,45
23.421328503217186,60.72637537427596,1541,1,45.0,45
23.419779979133615,60.73247708948166,1542,1,45.0,45
23.418231455050048,60.738578804687364,1543,1,45.0,45
23.41668293096648,60.744680519893066,1544,1,45.0,45
23.415134406882913,60.75078223509877,1545,1,45.0,45
23.413585882799346,60.75688395030448,1546,1,45.0,45
23.412037358715775,60.76298566551018,1547,1,45.0,45
23.410488834632208,60.76908738071588,1548,1,45.0,45
23.40894031054864,60.77518909592158,1549,1,45.0,45
23.407391786465073,60.78129081112729,1550,1,45.0,45
23.405843262381506,60.787392526332994,1551,1,45.0,45
23.40429473829794,60.793494241538696,1552,1,45.0,45
23.402746214214368,60.7995959567444,1553,1,45.0,45
23.4011976901308,60.8056976719501,1554,1,45.0,45
23.399649166047233,60.81179938715581,1555,1,45.0,45
23.398100641963666,60.81790110236151,1556,1,45.0,45
23.3965521178801,60.82400281756721,1557,1,45.0,45
23.395003593796527,60.830104532772914,1558,1,45.0,45
23.39345506971296,60.83620624797862,1559,1,45.0,45
23.391906545629393,60.842307963184325,1560,1,45.0,45
23.390358021545826,60.84840967839003,1561,1,45.0,45
23.38880949746226,60.85451139359573,1562,1,45.0,45
23.387260973378687,60.86061310880143,1563,1,45.0,45
23.38571244929512,60.86671482400714,1564,1,45.0,45
23.384163925211553,60.87281653921284,1565,1,45.0,45
23.382615401127985,60.878918254418544,1566,1,45.0,45
23.381066877044418,60.885019969624246,1567,1,45.0,45
23.379518352960847,60.891121684829955,1568,1,45.0,45
23.37796982887728,60.89722340003566,1569,1,45.0,45
23.376421304793713,60.90332511524136,1570,1,45.0,45
23.374872780710145,60.90942683044706,1571,1,45.0,45
23.373324256626578,60.91552854565276,1572,1,45.0,45
23.37177573254301,60.92163026085847,1573,1,45.0,45
23.37022720845944,60.92773197606417,1574,1,45.0,45
23.369694,60.929833,1440,2,0.0,45
23.372750813682945,60.9347978507797,1441,2,0.0,45
23.37580762736589,60.9397627015594,1442,2,0.0,45
23.378864441048833,60.944727552339096,1443,2,0.0,45
23.38192125473178,60.949692403118796,1444,2,0.0,45
23.384978068414725,60.954657253898496,1445,2,0.0,45
23.38803488209767,60.959622104678196,1446,2,0.0,45
23.391091695780613,60.96458695545789,1447,2,0.0,45
23.39414850946356,60.96955180623759,1448,2,0.0,45
23.397205323146505,60.97451665701729,1449,2,0.0,45
23.40026213682945,60.97948150779699,1450,2,0.0,45
23.403318950512393,60.98444635857669,1451,2,0.0,45
23.40637576419534,60.98941120935638,1452,2,0.0,45
23.409432577878285,60.994376060136084,1453,2,0.0,45
23.41248939156123,60.999340910915784,1454,2,0.0,45
23.415546205244176,61.004305761695484,1455,2,0.0,45
23.41860301892712,61.00927061247518,1456,2,0.0,45
23.421659832610064,61.01423546325488,1457,2,0.0,45
23.42471664629301,61.01920031403458,1458,2,0.0,45
23.427773459975956,61.02416516481428,1459,2,0.0,45
23.4308302736589,61.02913001559398,1460,2,0.0,45
23.433887087341844,61.03409486637367,1461,2,0.0,45
23.43694390102479,61.03905971715337,1462,2,0.0,45
23.440000714707736,61.04402456793307,1463,2,0.0,45
23.44305752839068,61.04898941871277,1464,2,0.0,45
23.446114342073624,61.05395426949247,1465,2,0.0,45
23.44917115575657,61.058919120272165,1466,2,0.0,45
23.452227969439516,61.063883971051865,1467,2,0.0,45
23.455284783122462,61.068848821831565,1468,2,0.0,45
23.458341596805404,61.073813672611266,1469,2,0.0,45
23.46139841048835,61.07877852339096,1470,2,0.0,45
23.464455224171296,61.08374337417066,1471,2,0.0,45
23.46751203785424,61.08870822495036,1472,2,0.0,45
23.470568851537184,61.09367307573006,1473,2,0.0,45
23.47362566522013,61.09863792650976,1474,2,0.0,45
23.476682478903076,61.10360277728945,1475,2,0.0,45
23.47973929258602,61.10856762806915,1476,2,0.0,45
23.482796106268964,61.11353247884885,1477,2,0.0,45
23.48585291995191,61.11849732962855,1478,2,0.0,45
23.488909733634856,61.12346218040825,1479,2,0.0,45
23.4919665473178,61.12842703118795,1480,2,0.0,45
23.495023361000747,61.13339188196765,1481,2,0.0,45
23.49808017468369,61.13835673274735,1482,2,0.0,45
23.501136988366635,61.14332158352705,1483,2,0.0,45
23.50419380204958,61.14828643430674,1484,2,0.0,45
23.507250615732527,61.15325128508644,1485,2,0.0,45
23.51030742941547,61.15821613586614,1486,2,0.0,45
23.513364243098415,61.16318098664584,1487,2,0.0,45
23.51642105678136,61.168145837425534,1488,2,0.0,45
23.519477870464307,61.173110688205234,1489,2,0.0,45
23.52253468414725,61.178075538984935,1490,2,0.0,45
23.525591497830195,61.183040389764635,1491,2,0.0,45
23.52864831151314,61.188005240544335,1492,2,0.0,45
23.531705125196087,61.19297009132403,1493,2,0.0,45
23.532147853711166,61.19368916721196,1494,2,45.0,45
23.532147853711166,61.19368916721196,1495,2,45.0,45
23.532147853711166,61.19368916721196,1496,2,45.0,45
23.532147853711166,61.19368916721196,1497,2,45.0,45
23.532147853711166,61.19368916721196,1498,2,45.0,45
23.532147853711166,61.19368916721196,1499,2,45.0,45
23.532147853711166,61.19368916721196,1500,2,45.0,45
23.532147853711166,61.19368916721196,1501,2,45.0,45
23.532147853711166,61.19368916721196,1502,2,45.0,45
23.532147853711166,61.19368916721196,1503,2,45.0,45
23.532147853711166,61.19368916721196,1504,2,45.0,45
23.532147853711166,61.19368916721196,1505,2,45.0,45
23.532147853711166,61.19368916721196,1506,2,45.0,45
23.532147853711166,61.19368916721196,1507,2,45.0,45
23.532147853711166,61.19368916721196,1508,2,45.0,45
23.532147853711166,61.19368916721196,1509,2,45.0,45
23.532147853711166,61.19368916721196,1510,2,45.0,45
23.532147853711166,61.19368916721196,1511,2,45.0,45
23.532147853711166,61.19368916721196,1512,2,45.0,45
23.532147853711166,61.19368916721196,1513,2,45.0,45
23.532147853711166,61.19368916721196,1514,2,45.0,45
23.532147853711166,61.19368916721196,1515,2,45.0,45
23.532147853711166,61.19368916721196,1516,2,45.0,45
23.532147853711166,61.19368916721196,1517,2,45.0,45
23.532147853711166,61.19368916721196,1518,2,45.0,45
23.532147853711166,61.19368916721196,1519,2,45.0,45
23.532147853711166,61.19368916721196,1520,2,45.0,45
23.532147853711166,61.19368916721196,1521,2,45.0,45
23.532147853711166,61.19368916721196,1522,2,45.0,45
23.532147853711166,61.19368916721196,1523,2,45.0,45
23.532147853711166,61.19368916721196,1524,2,45.0,45
23.532147853711166,61.19368916721196,1525,2,45.0,45
23.532147853711166,61.19368916721196,1526,2,45.0,45
23.532147853711166,61.19368916721196,1527,2,45.0,45
23.532147853711166,61.19368916721196,1528,2,45.0,45
23.532147853711166,61.19368916721196,1529,2,45.0,45
23.532147853711166,61.19368916721196,1530,2,45.0,45
23.532147853711166,61.19368916721196,1531,2,45.0,45
23.532147853711166,61.19368916721196,1532,2,45.0,45
23.532147853711166,61.19368916721196,1533,2,45.0,45
23.532147853711166,61.19368916721196,1534,2,45.0,45
23.532147853711166,61.19368916721196,1535,2,45.0,45
23.532147853711166,61.19368916721196,1536,2,45.0,45
23.532147853711166,61.19368916721196,1537,2,45.0,45
23.532147853711166,61.19368916721196,1538,2,45.0,45
23.532147853711166,61.19368916721196,1539,2,45.0,45
23.532147853711166,61.19368916721196,1540,2,45.0,45
23.532147853711166,61.19368916721196,1541,2,45.0,45
23.532147853711166,61.19368916721196,1542,2,45.0,45
23.532147853711166,61.19368916721196,1543,2,45.0,45
23.532147853711166,61.19368916721196,1544,2,45.0,45
23.532147853711166,61.19368916721196,1545,2,45.0,45
23.532147853711166,61.19368916721196,1546,2,45.0,45
23.532147853711166,61.19368916721196,1547,2,45.0,45
23.532147853711166,61.19368916721196,1548,2,45.0,45
23.530036826928278,61.18955392183691,1549,2,45.0,45
23.527568270955303,61.18471832015103,1550,2,45.0,45
23.52509971498233,61.17988271846514,1551,2,45.0,45
23.522631159009354,61.175047116779254,1552,2,45.0,45
23.52016260303638,61.17021151509337,1553,2,45.0,45
23.5176940470634,61.16537591340748,1554,2,45.0,45
23.515225491090426,61.1605403117216,1555,2,45.0,45
23.51275693511745,61.155704710035714,1556,2,45.0,45
23.510288379144477,61.15086910834983,1557,2,45.0,45
23.507819823171502,61.14603350666394,1558,2,45.0,45
23.505351267198527,61.14119790497806,1559,2,45.0,45
23.502882711225553,61.136362303292174,1560,2,45.0,45
23.500414155252578,61.13152670160628,1561,2,45.0,45
23.497945599279603,61.1266910999204,1562,2,45.0,45
23.49547704330663,61.12185549823452,1563,2,45.0,45
23.493008487333654,61.117019896548626,1564,2,45.0,45
23.49053993136068,61.11218429486274,1565,2,45.0,45
23.488071375387705,61.10734869317686,1566,2,45.0,45
23.48560281941473,61.10251309149097,1567,2,45.0,45
23.483134263441755,61.097677489805086,1568,2,45.0,45
23.48066570746878,61.0928418881192,1569,2,45.0,45
23.478197151495806,61.08800628643332,1570,2,45.0,45
23.47572859552283,61.08317068474743,1571,2,45.0,45
23.473260039549857,61.078335083061546,1572,2,45.0,45
23.47079148357688,61.07349948137566,1573,2,45.0,45
23.468322927603904,61.06866387968977,1574,2,45.0,45
23.46585437163093,61.06382827800389,1575,2,45.0,45
23.463385815657954,61.058992676318006,1576,2,45.0,45
23.46091725968498,61.054157074632116,1577,2,45.0,45
23.458448703712005,61.04932147294623,1578,2,45.0,45
23.45598014773903,61.04448587126035,1579,2,45.0,45
23.453511591766055,61.03965026957446,1580,2,45.0,45
23.45104303579308,61.034814667888575,1581,2,45.0,45
23.448574479820106,61.02997906620269,1582,2,45.0,45
23.44610592384713,61.02514346451681,1583,2,45.0,45
23.443637367874157,61.02030786283092,1584,2,45.0,45
23.441168811901182,61.015472261145035,1585,2,45.0,45
23.438700255928207,61.01063665945915,1586,2,45.0,45
23.436231699955233,61.00580105777326,1587,2,45.0,45
23.433763143982258,61.00096545608738,1588,2,45.0,45
23.431294588009283,60.996129854401495,1589,2,45.0,45
23.42882603203631,60.991294252715605,1590,2,45.0,45
23.426357476063334,60.98645865102972,1591,2,45.0,45
23.42388892009036,60.98162304934384,1592,2,45.0,45
23.42142036411738,60.97678744765795,1593,2,45.0,45
23.418951808144406,60.971951845972065,1594,2,45.0,45
23.41648325217143,60.96711624428618,1595,2,45.0,45
23.414014696198457,60.9622806426003,1596,2,45.0,45
23.411546140225482,60.95744504091441,1597,2,45.0,45
23.409077584252508,60.952609439228524,1598,2,45.0,45
23.40816956708045,60.95083074374173,1599,2,45.0,45
23.40816956708045,60.95083074374173,1600,2,45.0,45
23.40816956708045,60.95083074374173,1601,2,45.0,45
23.40816956708045,60.95083074374173,1602,2,45.0,45
23.40816956708045,60.95083074374173,1603,2,45.0,45
23.40816956708045,60.95083074374173,1604,2,45.0,45
23.40816956708045,60.95083074374173,1605,2,45.0,45
23.40816956708045,60.95083074374173,1606,2,45.0,45
23.40816956708045,60.95083074374173,1607,2,45.0,45
23.40816956708045,60.95083074374173,1608,2,45.0,45
23.4059483588077,60.94961853647236,1609,2,45.0,45
23.40243471534962,60.947700992676886,1610,2,45.0,45
23.398921071891543,60.94578344888141,1611,2,45.0,45
23.39540742843346,60.94386590508593,1612,2,45.0,45
23.391893784975384,60.94194836129046,1613,2,45.0,45
23.388380141517306,60.94003081749498,1614,2,45.0,45
23.38486649805923,60.9381132736995,1615,2,45.0,45
23.381352854601147,60.93619572990403,1616,2,45.0,45
23.37783921114307,60.93427818610855,1617,2,45.0,45
23.37432556768499,60.93236064231307,1618,2,45.0,45
23.37081192422691,60.93044309851759,1619,2,45.0,45
23.369694,60.929833,1440,3,0.0,45
23.361919791358375,60.92756539643741,1441,3,0.0,45
23.354145582716754,60.925297792874815,1442,3,0.0,45
23.34637137407513,60.92303018931222,1443,3,0.0,45
23.33859716543351,60.920762585749635,1444,3,0.0,45
23.330822956791884,60.91849498218704,1445,3,0.0,45
23.323048748150264,60.91622737862445,1446,3,0.0,45
23.31527453950864,60.913959775061855,1447,3,0.0,45
23.307500330867015,60.91169217149926,1448,3,0.0,45
23.299726122225394,60.90942456793667,1449,3,0.0,45
23.29195191358377,60.907156964374074,1450,3,0.0,45
23.28417770494215,60.90488936081149,1451,3,0.0,45
23.276403496300524,60.902621757248895,1452,3,0.0,45
23.268629287658904,60.9003541536863,1453,3,0.0,45
23.26085507901728,60.89808655012371,1454,3,0.0,45
23.253080870375655,60.895818946561114,1455,3,0.0,45
23.245306661734034,60.89355134299852,1456,3,0.0,45
23.23753245309241,60.89128373943593,1457,3,0.0,45
23.22975824445079,60.889016135873334,1458,3,0.0,45
23.221984035809164,60.88674853231075,1459,3,0.0,45
23.214209827167544,60.884480928748154,1460,3,0.0,45
23.20643561852592,60.88221332518556,1461,3,0.0,45
23.198661409884295,60.87994572162297,1462,3,0.0,45
23.190887201242674,60.87767811806037,1463,3,0.0,45
23.18311299260105,60.87541051449778,1464,3,0.0,45
23.17539838622568,60.873160295895836,1465,3,27.70659277559197,45
23.17539838622568,60.873160295895836,1466,3,27.70659277559197,45
23.17539838622568,60.873160295895836,1467,3,27.70659277559197,45
23.17539838622568,60.873160295895836,1468,3,27.70659277559197,45
23.17539838622568,60.873160295895836,1469,3,27.70659277559197,45
23.17539838622568,60.873160295895836,1470,3,27.70659277559197,45
23.17539838622568,60.873160295895836,1471,3,27.70659277559197,45
23.17539838622568,60.873160295895836,1472,3,27.70659277559197,45
23.17539838622568,60.873160295895836,1473,3,27.70659277559197,45
23.17539838622568,60.873160295895836,1474,3,27.70659277559197,45
23.17539838622568,60.873160295895836,1475,3,27.70659277559197,45
23.17539838622568,60.873160295895836,1476,3,27.70659277559197,45
23.17539838622568,60.873160295895836,1477,3,27.70659277559197,45
23.17539838622568,60.873160295895836,1478,3,27.70659277559197,45
23.17539838622568,60.873160295895836,1479,3,27.70659277559197,45
23.17539838622568,60.873160295895836,1480,3,27.70659277559197,45
23.17539838622568,60.873160295895836,1481,3,27.70659277559197,45
23.17539838622568,60.873160295895836,1482,3,27.70659277559197,45
23.17539838622568,60.873160295895836,1483,3,27.70659277559197,45
23.17539838622568,60.873160295895836,1484,3,27.70659277559197,45
23.17539838622568,60.873160295895836,1485,3,27.70659277559197,45
23.17539838622568,60.873160295895836,1486,3,27.70659277559197,45
23.17539838622568,60.873160295895836,1487,3,27.70659277559197,45
23.17539838622568,60.873160295895836,1488,3,27.70659277559197,45
23.17539838622568,60.873160295895836,1489,3,27.70659277559197,45
23.17539838622568,60.873160295895836,1490,3,27.70659277559197,45
23.17539838622568,60.873160295895836,1491,3,27.70659277559197,45
23.17539838622568,60.873160295895836,1492,3,27.70659277559197,45
23.17539838622568,60.873160295895836,1493,3,27.70659277559197,45
23.17539838622568,60.873160295895836,1494,3,27.70659277559197,45
23.17539838622568,60.873160295895836,1495,3,27.70659277559197,45
23.17539838622568,60.873160295895836,1496,3,27.70659277559197,45
23.17539838622568,60.873160295895836,1497,3,27.70659277559197,45
23.17539838622568,60.873160295895836,1498,3,27.70659277559197,45
23.17539838622568,60.873160295895836,1499,3,27.70659277559197,45
23.17539838622568,60.873160295895836,1500,3,27.70659277559197,45
23.17539838622568,60.873160295895836,1501,3,27.70659277559197,45
23.17539838622568,60.873160295895836,1502,3,27.70659277559197,45
23.17233558559079,60.87277658745597,1503,3,27.70659277559197,45
23.16216266550145,60.87150212144864,1504,3,27.70659277559197,45
23.15198974541211,60.87022765544132,1505,3,27.70659277559197,45
23.141816825322767,60.868953189433995,1506,3,27.70659277559197,45
23.131643905233425,60.86767872342667,1507,3,27.70659277559197,45
23.121470985144086,60.86640425741934,1508,3,27.70659277559197,45
23.111298065054743,60.865129791412016,1509,3,27.70659277559197,45
23.1011251449654,60.86385532540469,1510,3,27.70659277559197,45
23.09095222487606,60.86258085939737,1511,3,27.70659277559197,45
23.08077930478672,60.861306393390045,1512,3,27.70659277559197,45
23.070606384697378,60.860031927382714,1513,3,27.70659277559197,45
23.060433464608035,60.85875746137539,1514,3,27.70659277559197,45
23.050260544518693,60.857482995368066,1515,3,27.70659277559197,45
23.040087624429354,60.85620852936074,1516,3,27.70659277559197,45
23.029914704340012,60.85493406335342,1517,3,27.70659277559197,45
23.01974178425067,60.85365959734609,1518,3,27.70659277559197,45
23.009568864161327,60.852385131338764,1519,3,27.70659277559197,45
22.99939594407199,60.85111066533144,1520,3,27.70659277559197,45
22.989223023982646,60.849836199324116,1521,3,27.70659277559197,45
22.979050103893304,60.84856173331679,1522,3,27.70659277559197,45
22.976002370527862,60.84817991250826,1523,3,45.0,45
22.976002370527862,60.84817991250826,1524,3,45.0,45
22.976002370527862,60.84817991250826,1525,3,45.0,45
22.976002370527862,60.84817991250826,1526,3,45.0,45
22.976002370527862,60.84817991250826,1527,3,45.0,45
22.976002370527862,60.84817991250826,1528,3,45.0,45
22.976002370527862,60.84817991250826,1529,3,45.0,45
22.976002370527862,60.84817991250826,1530,3,45.0,45
22.976002370527862,60.84817991250826,1531,3,45.0,45
22.976002370527862,60.84817991250826,1532,3,45.0,45
22.976002370527862,60.84817991250826,1533,3,45.0,45
22.976002370527862,60.84817991250826,1534,3,45.0,45
22.976002370527862,60.84817991250826,1535,3,45.0,45
22.976002370527862,60.84817991250826,1536,3,45.0,45
22.976002370527862,60.84817991250826,1537,3,45.0,45
22.976002370527862,60.84817991250826,1538,3,45.0,45
22.976002370527862,60.84817991250826,1539,3,45.0,45
22.976002370527862,60.84817991250826,1540,3,45.0,45
22.976002370527862,60.84817991250826,1541,3,45.0,45
22.976002370527862,60.84817991250826,1542,3,45.0,45
22.976002370527862,60.84817991250826,1543,3,45.0,45
22.976002370527862,60.84817991250826,1544,3,45.0,45
22.976002370527862,60.84817991250826,1545,3,45.0,45
22.976002370527862,60.84817991250826,1546,3,45.0,45
22.976002370527862,60.84817991250826,1547,3,45.0,45
22.976002370527862,60.84817991250826,1548,3,45.0,45
22.976002370527862,60.84817991250826,1549,3,45.0,45
22.980158404279145,60.84870058147005,1550,3,45.0,45
22.990369789417432,60.84997986638846,1551,3,45.0,45
23.00058117455572,60.85125915130686,1552,3,45.0,45
23.010792559694007,60.85253843622527,1553,3,45.0,45
23.021003944832295,60.85381772114368,1554,3,45.0,45
23.031215329970582,60.85509700606208,1555,3,45.0,45
23.04142671510887,60.85637629098049,1556,3,45.0,45
23.051638100247157,60.857655575898896,1557,3,45.0,45
23.061849485385444,60.85893486081731,1558,3,45.0,45
23.072060870523732,60.86021414573571,1559,3,45.0,45
23.08227225566202,60.86149343065412,1560,3,45.0,45
23.092483640800307,60.862772715572525,1561,3,45.0,45
23.102695025938594,60.86405200049093,1562,3,45.0,45
23.11290641107688,60.86533128540934,1563,3,45.0,45
23.12311779621517,60.866610570327744,1564,3,45.0,45
23.133329181353457,60.867889855246155,1565,3,45.0,45
23.143540566491744,60.86916914016456,1566,3,45.0,45
23.15375195163003,60.87044842508297,1567,3,45.0,45
23.16396333676832,60.87172771000137,1568,3,45.0,45
23.174174721906606,60.87300699491978,1569,3,45.0,45
23.182251725723955,60.875159297695035,1570,3,45.0,45
23.190038136818377,60.87743046050419,1571,3,45.0,45
23.1978245479128,60.87970162331336,1572,3,45.0,45
23.205610959007224,60.881972786122525,1573,3,45.0,45
23.213397370101646,60.88424394893168,1574,3,45.0,45
23.221183781196068,60.88651511174085,1575,3,45.0,45
23.228970192290493,60.88878627455001,1576,3,45.0,45
23.236756603384915,60.89105743735917,1577,3,45.0,45
23.244543014479337,60.89332860016833,1578,3,45.0,45
23.252329425573762,60.8955997629775,1579,3,45.0,45
23.260115836668184,60.897870925786656,1580,3,45.0,45
23.267902247762606,60.90014208859582,1581,3,45.0,45
23.275688658857028,60.90241325140499,1582,3,45.0,45
23.283475069951454,60.904684414214145,1583,3,45.0,45
23.291261481045876,60.90695557702331,1584,3,45.0,45
23.299047892140297,60.90922673983247,1585,3,45.0,45
23.306834303234723,60.911497902641635,1586,3,45.0,45
23.314620714329145,60.91376906545079,1587,3,45.0,45
23.322407125423567,60.91604022825996,1588,3,45.0,45
23.330193536517992,60.91831139106912,1589,3,45.0,45
23.337979947612414,60.92058255387828,1590,3,45.0,45
23.345766358706836,60.92285371668745,1591,3,45.0,45
23.353552769801258,60.92512487949661,1592,3,45.0,45
23.361339180895683,60.92739604230577,1593,3,45.0,45
23.369125591990105,60.92966720511493,1594,3,45.0,45
23.369694,60.929833,1440,4,0.0,45
23.36055198272995,60.934956616832764,1441,4,0.0,45
23.351409965459904,60.94008023366553,1442,4,0.0,45
23.342267948189857,60.945203850498295,1443,4,0.0,45
23.33312593091981,60.95032746733106,1444,4,0.0,45
23.323983913649766,60.955451084163826,1445,4,0.0,45
23.31484189637972,60.96057470099659,1446,4,0.0,45
23.30569987910967,60.96569831782935,1447,4,0.0,45
23.296557861839624,60.97082193466212,1448,4,0.0,45
23.287415844569576,60.97594555149488,1449,4,0.0,45
23.27827382729953,60.98106916832764,1450,4,0.0,45
23.26913181002948,60.98619278516041,1451,4,0.0,45
23.259989792759434,60.991316401993174,1452,4,0.0,45
23.25084777548939,60.996440018825936,1453,4,0.0,45
23.241705758219343,61.0015636356587,1454,4,0.0,45
23.232563740949296,61.00668725249147,1455,4,0.0,45
23.223421723679248,61.01181086932423,1456,4,0.0,45
23.2142797064092,61.01693448615699,1457,4,0.0,45
23.205137689139153,61.02205810298976,1458,4,0.0,45
23.195995671869106,61.02718171982252,1459,4,0.0,45
23.18685365459906,61.032305336655284,1460,4,0.0,45
23.177711637329015,61.03742895348805,1461,4,0.0,45
23.168569620058967,61.042552570320815,1462,4,0.0,45
23.15942760278892,61.04767618715358,1463,4,0.0,45
23.150285585518873,61.052799803986346,1464,4,0.0,45
23.141143568248825,61.05792342081911,1465,4,0.0,45
23.132001550978778,61.06304703765187,1466,4,0.0,45
23.12285953370873,61.06817065448464,1467,4,0.0,45
23.113717516438683,61.0732942713174,1468,4,0.0,45
23.10457549916864,61.07841788815016,1469,4,0.0,45
23.095433481898592,61.08354150498293,1470,4,0.0,45
23.086291464628545,61.088665121815694,1471,4,0.0,45
23.077149447358497,61.093788738648456,1472,4,0.0,45
23.06800743008845,61.098912355481225,1473,4,0.0,45
23.058865412818403,61.10403597231399,1474,4,0.0,45
23.049723395548355,61.10915958914675,1475,4,0.0,45
23.040581378278308,61.11428320597952,1476,4,0.0,45
23.031439361008264,61.11940682281228,1477,4,0.0,45
23.022297343738217,61.12453043964504,1478,4,0.0,45
23.01315532646817,61.129654056477804,1479,4,0.0,45
23.004013309198122,61.13477767331057,1480,4,0.0,45
22.994871291928074,61.139901290143335,1481,4,0.0,45
22.985729274658027,61.1450249069761,1482,4,0.0,45
22.97658725738798,61.150148523808866,1483,4,0.0,45
22.967445240117932,61.15527214064163,1484,4,0.0,45
22.95830322284789,61.16039575747439,1485,4,0.0,45
22.94916120557784,61.16551937430716,1486,4,0.0,45
22.940019188307794,61.17064299113992,1487,4,0.0,45
22.931562822333,61.17538233671023,1488,4,45.0,45
22.931562822333,61.17538233671023,1489,4,45.0,45
22.931562822333,61.17538233671023,1490,4,45.0,45
22.931562822333,61.17538233671023,1491,4,45.0,45
22.931562822333,61.17538233671023,1492,4,45.0,45
22.931562822333,61.17538233671023,1493,4,45.0,45
22.931562822333,61.17538233671023,1494,4,45.0,45
22.931562822333,61.17538233671023,1495,4,45.0,45
22.931562822333,61.17538233671023,1496,4,45.0,45
22.931562822333,61.17538233671023,1497,4,45.0,45
22.931562822333,61.17538233671023,1498,4,45.0,45
22.931562822333,61.17538233671023,1499,4,45.0,45
22.931562822333,61.17538233671023,1500,4,45.0,45
22.931562822333,61.17538233671023,1501,4,45.0,45
22.931562822333,61.17538233671023,1502,4,45.0,45
22.931562822333,61.17538233671023,1503,4,45.0,45
22.931562822333,61.17538233671023,1504,4,45.0,45
22.931562822333,61.17538233671023,1505,4,45.0,45
22.931562822333,61.17538233671023,1506,4,45.0,45
22.931562822333,61.17538233671023,1507,4,45.0,45
22.931562822333,61.17538233671023,1508,4,45.0,45
22.931562822333,61.17538233671023,1509,4,45.0,45
22.931562822333,61.17538233671023,1510,4,45.0,45
22.931562822333,61.17538233671023,1511,4,45.0,45
22.931562822333,61.17538233671023,1512,4,45.0,45
22.931562822333,61.17538233671023,1513,4,45.0,45
22.931562822333,61.17538233671023,1514,4,45.0,45
22.931562822333,61.17538233671023,1515,4,45.0,45
22.931562822333,61.17538233671023,1516,4,45.0,45
22.931562822333,61.17538233671023,1517,4,45.0,45
22.931562822333,61.17538233671023,1518,4,45.0,45
22.931562822333,61.17538233671023,1519,4,45.0,45
22.931562822333,61.17538233671023,1520,4,45.0,45
22.931562822333,61.17538233671023,1521,4,45.0,45
22.931562822333,61.17538233671023,1522,4,45.0,45
22.931562822333,61.17538233671023,1523,4,45.0,45
22.931562822333,61.17538233671023,1524,4,45.0,45
22.931562822333,61.17538233671023,1525,4,45.0,45
22.931562822333,61.17538233671023,1526,4,45.0,45
22.931562822333,61.17538233671023,1527,4,45.0,45
22.931562822333,61.17538233671023,1528,4,45.0,45
22.931562822333,61.17538233671023,1529,4,45.0,45
22.931562822333,61.17538233671023,1530,4,45.0,45
22.931562822333,61.17538233671023,1531,4,45.0,45
22.931562822333,61.17538233671023,1532,4,45.0,45
22.931562822333,61.17538233671023,1533,4,45.0,45
22.931562822333,61.17538233671023,1534,4,45.0,45
22.931562822333,61.17538233671023,1535,4,45.0,45
22.931562822333,61.17538233671023,1536,4,45.0,45
22.931562822333,61.17538233671023,1537,4,45.0,45
22.931562822333,61.17538233671023,1538,4,45.0,45
22.931562822333,61.17538233671023,1539,4,45.0,45
22.931562822333,61.17538233671023,1540,4,45.0,45
22.931562822333,61.17538233671023,1541,4,45.0,45
22.931562822333,61.17538233671023,1542,4,45.0,45
22.932248461706163,61.17499807212947,1543,4,45.0,45
22.941390320015017,61.16987454438604,1544,4,45.0,45
22.95053217832387,61.16475101664262,1545,4,45.0,45
22.95967403663272,61.15962748889919,1546,4,45.0,45
22.968815894941574,61.15450396115576,1547,4,45.0,45
22.977957753250426,61.14938043341233,1548,4,45.0,45
22.987099611559277,61.144256905668904,1549,4,45.0,45
22.996241469868128,61.139133377925475,1550,4,45.0,45
23.005383328176983,61.134009850182046,1551,4,45.0,45
23.014525186485834,61.128886322438625,1552,4,45.0,45
23.023667044794685,61.123762794695196,1553,4,45.0,45
23.03280890310354,61.11863926695177,1554,4,45.0,45
23.04195076141239,61.11351573920834,1555,4,45.0,45
23.051092619721242,61.10839221146491,1556,4,45.0,45
23.060234478030093,61.10326868372148,1557,4,45.0,45
23.069376336338948,61.09814515597805,1558,4,45.0,45
23.0785181946478,61.09302162823463,1559,4,45.0,45
23.08766005295665,61.0878981004912,1560,4,45.0,45
23.096801911265505,61.08277457274777,1561,4,45.0,45
23.105943769574356,61.077651045004345,1562,4,45.0,45
23.115085627883207,61.072527517260916,1563,4,45.0,45
23.12422748619206,61.06740398951749,1564,4,45.0,45
23.133369344500913,61.06228046177406,1565,4,45.0,45
23.142511202809764,61.05715693403064,1566,4,45.0,45
23.151653061118616,61.05203340628721,1567,4,45.0,45
23.16079491942747,61.04690987854378,1568,4,45.0,45
23.16993677773632,61.04178635080035,1569,4,45.0,45
23.179078636045173,61.03666282305692,1570,4,45.0,45
23.188220494354027,61.03153929531349,1571,4,45.0,45
23.19736235266288,61.026415767570064,1572,4,45.0,45
23.20650421097173,61.02129223982664,1573,4,45.0,45
23.21564606928058,61.016168712083214,1574,4,45.0,45
23.224787927589436,61.011045184339785,1575,4,45.0,45
23.233929785898287,61.00592165659636,1576,4,45.0,45
23.243071644207138,61.00079812885293,1577,4,45.0,45
23.252213502515993,60.9956746011095,1578,4,45.0,45
23.261355360824844,60.99055107336607,1579,4,45.0,45
23.270497219133695,60.98542754562265,1580,4,45.0,45
23.279639077442546,60.98030401787922,1581,4,45.0,45
23.2887809357514,60.97518049013579,1582,4,45.0,45
23.297922794060252,60.97005696239236,1583,4,45.0,45
23.307064652369103,60.964933434648934,1584,4,45.0,45
23.316206510677958,60.959809906905505,1585,4,45.0,45
23.32534836898681,60.95468637916208,1586,4,45.0,45
23.33449022729566,60.949562851418655,1587,4,45.0,45
23.343632085604515,60.944439323675226,1588,4,45.0,45
23.352773943913366,60.9393157959318,1589,4,45.0,45
23.361915802222217,60.93419226818837,1590,4,45.0,45
23.369694,60.929833,1440,5,0.0,45
23.3662789289258,60.93535515328104,1441,5,0.0,45
23.3628638578516,60.94087730656208,1442,5,0.0,45
23.359448786777403,60.946399459843114,1443,5,0.0,45
23.356033715703205,60.95192161312415,1444,5,0.0,45
23.352618644629004,60.95744376640519,1445,5,0.0,45
23.349203573554806,60.962965919686226,1446,5,0.0,45
23.345788502480605,60.96848807296726,1447,5,0.0,45
23.342373431406408,60.9740102262483,1448,5,0.0,45
23.33895836033221,60.97953237952934,1449,5,0.0,45
23.33554328925801,60.98505453281037,1450,5,0.0,45
23.33212821818381,60.990576686091416,1451,5,0.0,45
23.328713147109614,60.99609883937245,1452,5,0.0,45
23.325298076035413,61.001620992653486,1453,5,0.0,45
23.321883004961215,61.00714314593453,1454,5,0.0,45
23.318467933887018,61.01266529921556,1455,5,0.0,45
23.315052862812816,61.0181874524966,1456,5,0.0,45
23.31163779173862,61.02370960577764,1457,5,0.0,45
23.308222720664418,61.029231759058675,1458,5,0.0,45
23.30480764959022,61.03475391233971,1459,5,0.0,45
23.301392578516023,61.04027606562075,1460,5,0.0,45
23.29797750744182,61.04579821890179,1461,5,0.0,45
23.294562436367624,61.05132037218282,1462,5,0.0,45
23.291147365293426,61.056842525463864,1463,5,0.0,45
23.287732294219225,61.0623646787449,1464,5,0.0,45
23.284317223145027,61.067886832025934,1465,5,0.0,45
23.28090215207083,61.073408985306976,1466,5,0.0,45
23.27748708099663,61.07893113858801,1467,5,0.0,45
23.27407200992243,61.084453291869046,1468,5,0.0,45
23.27065693884823,61.08997544515009,1469,5,0.0,45
23.267241867774032,61.09549759843112,1470,5,0.0,45
23.263826796699835,61.10101975171216,1471,5,0.0,45
23.260411725625634,61.10654190499319,1472,5,0.0,45
23.256996654551436,61.112064058274235,1473,5,0.0,45
23.25358158347724,61.11758621155527,1474,5,0.0,45
23.250166512403037,61.123108364836305,1475,5,0.0,45
23.24675144132884,61.12863051811735,1476,5,0.0,45
23.243336370254642,61.13415267139838,1477,5,0.0,45
23.23992129918044,61.13967482467942,1478,5,0.0,45
23.236506228106244,61.14519697796046,1479,5,0.0,45
23.233091157032042,61.150719131241495,1480,5,0.0,45
23.229676085957845,61.15624128452253,1481,5,0.0,45
23.226261014883647,61.16176343780357,1482,5,0.0,45
23.222845943809446,61.16728559108461,1483,5,0.0,45
23.21943087273525,61.17280774436564,1484,5,0.0,45
23.21601580166105,61.178329897646684,1485,5,0.0,45
23.21260073058685,61.18385205092772,1486,5,0.0,45
23.209185659512652,61.189374204208754,1487,5,0.0,45
23.205770588438455,61.194896357489796,1488,5,0.0,45
23.202355517364254,61.20041851077083,1489,5,0.0,45
23.198940446290056,61.205940664051866,1490,5,0.0,45
23.195525375215855,61.21146281733291,1491,5,0.0,45
23.192151284994548,61.21691870477457,1492,5,45.0,45
23.192151284994548,61.21691870477457,1493,5,45.0,45
23.192151284994548,61.21691870477457,1494,5,45.0,45
23.192151284994548,61.21691870477457,1495,5,45.0,45
23.192151284994548,61.21691870477457,1496,5,45.0,45
23.192151284994548,61.21691870477457,1497,5,45.0,45
23.192151284994548,61.21691870477457,1498,5,45.0,45
23.192151284994548,61.21691870477457,1499,5,45.0,45
23.192151284994548,61.21691870477457,1500,5,45.0,45
23.192151284994548,61.21691870477457,1501,5,45.0,45
23.192151284994548,61.21691870477457,1502,5,45.0,45
23.192151284994548,61.21691870477457,1503,5,45.0,45
23.192151284994548,61.21691870477457,1504,5,45.0,45
23.192151284994548,61.21691870477457,1505,5,45.0,45
23.192151284994548,61.21691870477457,1506,5,45.0,45
23.192151284994548,61.21691870477457,1507,5,45.0,45
23.192151284994548,61.21691870477457,1508,5,45.0,45
23.192151284994548,61.21691870477457,1509,5,45.0,45
23.192151284994548,61.21691870477457,1510,5,45.0,45
23.192151284994548,61.21691870477457,1511,5,45.0,45
23.192151284994548,61.21691870477457,1512,5,45.0,45
23.192151284994548,61.21691870477457,1513,5,45.0,45
23.192151284994548,61.21691870477457,1514,5,45.0,45
23.192151284994548,61.21691870477457,1515,5,45.0,45
23.192151284994548,61.21691870477457,1516,5,45.0,45
23.192151284994548,61.21691870477457,1517,5,45.0,45
23.192151284994548,61.21691870477457,1518,5,45.0,45
23.192151284994548,61.21691870477457,1519,5,45.0,45
23.192151284994548,61.21691870477457,1520,5,45.0,45
23.192151284994548,61.21691870477457,1521,5,45.0,45
23.192151284994548,61.21691870477457,1522,5,45.0,45
23.192151284994548,61.21691870477457,1523,5,45.0,45
23.192151284994548,61.21691870477457,1524,5,45.0,45
23.192151284994548,61.21691870477457,1525,5,45.0,45
23.192151284994548,61.21691870477457,1526,5,45.0,45
23.192151284994548,61.21691870477457,1527,5,45.0,45
23.192151284994548,61.21691870477457,1528,5,45.0,45
23.192151284994548,61.21691870477457,1529,5,45.0,45
23.192151284994548,61.21691870477457,1530,5,45.0,45
23.192151284994548,61.21691870477457,1531,5,45.0,45
23.192151284994548,61.21691870477457,1532,5,45.0,45
23.192151284994548,61.21691870477457,1533,5,45.0,45
23.192151284994548,61.21691870477457,1534,5,45.0,45
23.192151284994548,61.21691870477457,1535,5,45.0,45
23.192151284994548,61.21691870477457,1536,5,45.0,45
23.192151284994548,61.21691870477457,1537,5,45.0,45
23.192151284994548,61.21691870477457,1538,5,45.0,45
23.192151284994548,61.21691870477457,1539,5,45.0,45
23.192151284994548,61.21691870477457,1540,5,45.0,45
23.192151284994548,61.21691870477457,1541,5,45.0,45
23.192151284994548,61.21691870477457,1542,5,45.0,45
23.192151284994548,61.21691870477457,1543,5,45.0,45
23.192151284994548,61.21691870477457,1544,5,45.0,45
23.192151284994548,61.21691870477457,1545,5,45.0,45
23.192151284994548,61.21691870477457,1546,5,45.0,45
23.192192221227145,61.216852511085996,1547,5,45.0,45
23.195603573943504,61.211336370371455,1548,5,45.0,45
23.199014926659867,61.20582022965692,1549,5,45.0,45
23.20242627937623,61.20030408894238,1550,5,45.0,45
23.20583763209259,61.19478794822784,1551,5,45.0,45
23.20924898480895,61.18927180751331,1552,5,45.0,45
23.21266033752531,61.18375566679877,1553,5,45.0,45
23.216071690241673,61.178239526084226,1554,5,45.0,45
23.219483042958036,61.17272338536969,1555,5,45.0,45
23.222894395674395,61.16720724465515,1556,5,45.0,45
23.226305748390757,61.16169110394061,1557,5,45.0,45
23.22971710110712,61.15617496322608,1558,5,45.0,45
23.23312845382348,61.15065882251154,1559,5,45.0,45
23.23653980653984,61.145142681797,1560,5,45.0,45
23.2399511592562,61.139626541082464,1561,5,45.0,45
23.243362511972563,61.13411040036792,1562,5,45.0,45
23.246773864688926,61.12859425965338,1563,5,45.0,45
23.250185217405285,61.12307811893885,1564,5,45.0,45
23.253596570121648,61.11756197822431,1565,5,45.0,45
23.25700792283801,61.11204583750977,1566,5,45.0,45
23.26041927555437,61.106529696795235,1567,5,45.0,45
23.263830628270732,61.101013556080694,1568,5,45.0,45
23.26724198098709,61.095497415366154,1569,5,45.0,45
23.270653333703454,61.08998127465162,1570,5,45.0,45
23.274064686419816,61.08446513393708,1571,5,45.0,45
23.277476039136175,61.07894899322254,1572,5,45.0,45
23.280887391852538,61.073432852508006,1573,5,45.0,45
23.2842987445689,61.067916711793465,1574,5,45.0,45
23.28771009728526,61.062400571078925,1575,5,45.0,45
23.291121450001622,61.05688443036439,1576,5,45.0,45
23.29453280271798,61.05136828964985,1577,5,45.0,45
23.297944155434344,61.04585214893531,1578,5,45.0,45
23.301355508150706,61.04033600822078,1579,5,45.0,45
23.304766860867066,61.034819867506236,1580,5,45.0,45
23.308178213583428,61.029303726791696,1581,5,45.0,45
23.31158956629979,61.02378758607716,1582,5,45.0,45
23.31500091901615,61.01827144536262,1583,5,45.0,45
23.318412271732512,61.01275530464808,1584,5,45.0,45
23.32182362444887,61.00723916393355,1585,5,45.0,45
23.325234977165234,61.00172302321901,1586,5,45.0,45
23.328646329881597,60.99620688250447,1587,5,45.0,45
23.332057682597956,60.99069074178993,1588,5,45.0,45
23.33546903531432,60.98517460107539,1589,5,45.0,45
23.33888038803068,60.97965846036085,1590,5,45.0,45
23.34229174074704,60.97414231964632,1591,5,45.0,45
23.345703093463403,60.96862617893178,1592,5,45.0,45
23.34911444617976,60.96311003821724,1593,5,45.0,45
23.352525798896124,60.957593897502704,1594,5,45.0,45
23.355937151612487,60.952077756788164,1595,5,45.0,45
23.359348504328846,60.94656161607362,1596,5,45.0,45
23.36275985704521,60.94104547535909,1597,5,45.0,45
23.36617120976157,60.93552933464455,1598,5,45.0,45
23.36958256247793,60.93001319393001,1599,5,45.0,45
23.369694,60.929833,1440,6,0.0,45
23.372323906901578,60.92464091781903,1441,6,0.0,45
23.374953813803156,60.919448835638065,1442,6,0.0,45
23.377583720704738,60.914256753457096,1443,6,0.0,45
23.380213627606317,60.90906467127613,1444,6,0.0,45
23.382843534507895,60.90387258909516,1445,6,0.0,45
23.385473441409474,60.89868050691419,1446,6,0.0,45
23.388103348311052,60.89348842473322,1447,6,0.0,45
23.390733255212634,60.88829634255225,1448,6,0.0,45
23.393363162114213,60.88310426037128,1449,6,0.0,45
23.39599306901579,60.877912178190314,1450,6,0.0,45
23.39862297591737,60.872720096009346,1451,6,0.0,45
23.401252882818948,60.86752801382838,1452,6,0.0,45
23.40388278972053,60.86233593164741,1453,6,0.0,45
23.40651269662211,60.85714384946644,1454,6,0.0,45
23.409142603523687,60.85195176728547,1455,6,0.0,45
23.411772510425266,60.8467596851045,1456,6,0.0,45
23.414402417326844,60.84156760292353,1457,6,0.0,45
23.417032324228426,60.836375520742564,1458,6,0.0,45
23.419662231130005,60.831183438561595,1459,6,0.0,45
23.422292138031583,60.82599135638063,1460,6,0.0,45
23.42492204493316,60.820799274199665,1461,6,0.0,45
23.42755195183474,60.815607192018696,1462,6,0.0,45
23.430181858736322,60.81041510983773,1463,6,0.0,45
23.4328117656379,60.80522302765676,1464,6,0.0,45
23.43544167253948,60.80003094547579,1465,6,0.0,45
23.438071579441058,60.79483886329482,1466,6,0.0,45
23.440701486342636,60.78964678111385,1467,6,0.0,45
23.443331393244218,60.78445469893288,1468,6,0.0,45
23.445961300145797,60.779262616751915,1469,6,0.0,45
23.448591207047375,60.774070534570946,1470,6,0.0,45
23.451221113948954,60.76887845238998,1471,6,0.0,45
23.453851020850532,60.76368637020901,1472,6,0.0,45
23.456480927752114,60.75849428802804,1473,6,0.0,45
23.459110834653693,60.75330220584707,1474,6,0.0,45
23.46174074155527,60.7481101236661,1475,6,0.0,45
23.46437064845685,60.74291804148513,1476,6,0.0,45
23.465991986061674,60.739717122820565,1477,6,45.0,45
23.465991986061674,60.739717122820565,1478,6,45.0,45
23.465991986061674,60.739717122820565,1479,6,45.0,45
23.465991986061674,60.739717122820565,1480,6,45.0,45
23.465991986061674,60.739717122820565,1481,6,45.0,45
23.465991986061674,60.739717122820565,1482,6,45.0,45
23.465991986061674,60.739717122820565,1483,6,45.0,45
23.465991986061674,60.739717122820565,1484,6,45.0,45
23.465991986061674,60.739717122820565,1485,6,45.0,45
23.465991986061674,60.739717122820565,1486,6,45.0,45
23.465991986061674,60.739717122820565,1487,6,45.0,45
23.465991986061674,60.739717122820565,1488,6,45.0,45
23.465991986061674,60.739717122820565,1489,6,45.0,45
23.465991986061674,60.739717122820565,1490,6,45.0,45
23.465991986061674,60.739717122820565,1491,6,45.0,45
23.465991986061674,60.739717122820565,1492,6,45.0,45
23.465991986061674,60.739717122820565,1493,6,45.0,45
23.465991986061674,60.739717122820565,1494,6,45.0,45
23.465991986061674,60.739717122820565,1495,6,45.0,45
23.465991986061674,60.739717122820565,1496,6,45.0,45
23.465991986061674,60.739717122820565,1497,6,45.0,45
23.465991986061674,60.739717122820565,1498,6,45.0,45
23.465991986061674,60.739717122820565,1499,6,45.0,45
23.465991986061674,60.739717122820565,1500,6,45.0,45
23.465991986061674,60.739717122820565,1501,6,45.0,45
23.465991986061674,60.739717122820565,1502,6,45.0,45
23.465991986061674,60.739717122820565,1503,6,45.0,45
23.465991986061674,60.739717122820565,1504,6,45.0,45
23.465991986061674,60.739717122820565,1505,6,45.0,45
23.465991986061674,60.739717122820565,1506,6,45.0,45
23.465991986061674,60.739717122820565,1507,6,45.0,45
23.465991986061674,60.739717122820565,1508,6,45.0,45
23.465991986061674,60.739717122820565,1509,6,45.0,45
23.465991986061674,60.739717122820565,1510,6,45.0,45
23.465991986061674,60.739717122820565,1511,6,45.0,45
23.465991986061674,60.739717122820565,1512,6,45.0,45
23.465991986061674,60.739717122820565,1513,6,45.0,45
23.465991986061674,60.739717122820565,1514,6,45.0,45
23.465991986061674,60.739717122820565,1515,6,45.0,45
23.465991986061674,60.739717122820565,1516,6,45.0,45
23.465991986061674,60.739717122820565,1517,6,45.0,45
23.465991986061674,60.739717122820565,1518,6,45.0,45
23.465991986061674,60.739717122820565,1519,6,45.0,45
23.465991986061674,60.739717122820565,1520,6,45.0,45
23.465991986061674,60.739717122820565,1521,6,45.0,45
23.465991986061674,60.739717122820565,1522,6,45.0,45
23.465991986061674,60.739717122820565,1523,6,45.0,45
23.465991986061674,60.739717122820565,1524,6,45.0,45
23.465991986061674,60.739717122820565,1525,6,45.0,45
23.465991986061674,60.739717122820565,1526,6,45.0,45
23.465991986061674,60.739717122820565,1527,6,45.0,45
23.465991986061674,60.739717122820565,1528,6,45.0,45
23.465991986061674,60.739717122820565,1529,6,45.0,45
23.465991986061674,60.739717122820565,1530,6,45.0,45
23.465991986061674,60.739717122820565,1531,6,45.0,45
23.46488927505206,60.741544399130255,1532,6,45.0,45
23.46201388780404,60.74630913527026,1533,6,45.0,45
23.45913850055602,60.75107387141026,1534,6,45.0,45
23.456263113308,60.755838607550274,1535,6,45.0,45
23.453387726059983,60.76060334369028,1536,6,45.0,45
23.45051233881196,60.76536807983028,1537,6,45.0,45
23.447636951563943,60.770132815970285,1538,6,45.0,45
23.44476156431592,60.77489755211029,1539,6,45.0,45
23.441886177067904,60.77966228825029,1540,6,45.0,45
23.439010789819886,60.7844270243903,1541,6,45.0,45
23.436135402571864,60.7891917605303,1542,6,45.0,45
23.433260015323846,60.793956496670305,1543,6,45.0,45
23.431591811488786,60.7967208377542,1544,6,45.0,45
23.431591811488786,60.7967208377542,1545,6,45.0,45
23.431591811488786,60.7967208377542,1546,6,45.0,45
23.431591811488786,60.7967208377542,1547,6,45.0,45
23.431591811488786,60.7967208377542,1548,6,45.0,45
23.431591811488786,60.7967208377542,1549,6,45.0,45
23.431591811488786,60.7967208377542,1550,6,45.0,45
23.431591811488786,60.7967208377542,1551,6,45.0,45
23.431591811488786,60.7967208377542,1552,6,45.0,45
23.431591811488786,60.7967208377542,1553,6,45.0,45
23.43055639284614,60.79894752091209,1554,6,45.0,45
23.428090131688585,60.80425125213374,1555,6,45.0,45
23.42562387053103,60.80955498335539,1556,6,45.0,45
23.423157609373476,60.81485871457704,1557,6,45.0,45
23.42069134821592,60.820162445798694,1558,6,45.0,45
23.418225087058364,60.825466177020346,1559,6,45.0,45
23.41575882590081,60.830769908242,1560,6,45.0,45
23.413292564743255,60.83607363946365,1561,6,45.0,45
23.4108263035857,60.8413773706853,1562,6,45.0,45
23.408360042428146,60.84668110190695,1563,6,45.0,45
23.405893781270592,60.851984833128604,1564,6,45.0,45
23.403427520113034,60.857288564350256,1565,6,45.0,45
23.40096125895548,60.86259229557191,1566,6,45.0,45
23.398494997797926,60.86789602679356,1567,6,45.0,45
23.39602873664037,60.87319975801521,1568,6,45.0,45
23.393562475482817,60.87850348923686,1569,6,45.0,45
23.391096214325263,60.88380722045851,1570,6,45.0,45
23.388629953167705,60.88911095168016,1571,6,45.0,45
23.38616369201015,60.89441468290181,1572,6,45.0,45
23.383697430852596,60.89971841412346,1573,6,45.0,45
23.38123116969504,60.905022145345114,1574,6,45.0,45
23.378764908537487,60.910325876566766,1575,6,45.0,45
23.376298647379933,60.91562960778842,1576,6,45.0,45
23.373832386222375,60.92093333901007,1577,6,45.0,45
23.37136612506482,60.92623707023172,1578,6,45.0,45
23.369694,60.929833,1440,7,0.0,45
23.364634072593073,60.92805036537036,1441,7,0.0,45
23.359574145186148,60.92626773074071,1442,7,0.0,45
23.354514217779222,60.92448509611107,1443,7,0.0,45
23.349454290372293,60.92270246148142,1444,7,0.0,45
23.344394362965367,60.92091982685178,1445,7,0.0,45
23.339334435558442,60.91913719222214,1446,7,0.0,45
23.334274508151516,60.91735455759249,1447,7,0.0,45
23.332441971108974,60.91670894675079,1448,7,18.587885457241583,45
23.332441971108974,60.91670894675079,1449,7,18.587885457241583,45
23.332441971108974,60.91670894675079,1450,7,18.587885457241583,45
23.332441971108974,60.91670894675079,1451,7,18.587885457241583,45
23.332441971108974,60.91670894675079,1452,7,18.587885457241583,45
23.332441971108974,60.91670894675079,1453,7,18.587885457241583,45
23.332441971108974,60.91670894675079,1454,7,18.587885457241583,45
23.332441971108974,60.91670894675079,1455,7,18.587885457241583,45
23.332441971108974,60.91670894675079,1456,7,18.587885457241583,45
23.332441971108974,60.91670894675079,1457,7,18.587885457241583,45
23.332441971108974,60.91670894675079,1458,7,18.587885457241583,45
23.332441971108974,60.91670894675079,1459,7,18.587885457241583,45
23.332441971108974,60.91670894675079,1460,7,18.587885457241583,45
23.332441971108974,60.91670894675079,1461,7,18.587885457241583,45
23.332441971108974,60.91670894675079,1462,7,18.587885457241583,45
23.332441971108974,60.91670894675079,1463,7,18.587885457241583,45
23.332441971108974,60.91670894675079,1464,7,18.587885457241583,45
23.332441971108974,60.91670894675079,1465,7,18.587885457241583,45
23.332441971108974,60.91670894675079,1466,7,18.587885457241583,45
23.332441971108974,60.91670894675079,1467,7,18.587885457241583,45
23.332441971108974,60.91670894675079,1468,7,18.587885457241583,45
23.332441971108974,60.91670894675079,1469,7,18.587885457241583,45
23.332441971108974,60.91670894675079,1470,7,18.587885457241583,45
23.332441971108974,60.91670894675079,1471,7,18.587885457241583,45
23.332441971108974,60.91670894675079,1472,7,18.587885457241583,45
23.332441971108974,60.91670894675079,1473,7,18.587885457241583,45
23.332441971108974,60.91670894675079,1474,7,18.587885457241583,45
23.332441971108974,60.91670894675079,1475,7,18.587885457241583,45
23.331981323742518,60.91673480547414,1476,7,18.587885457241583,45
23.32275876209425,60.91725251964688,1477,7,18.587885457241583,45
23.313536200445977,60.917770233819624,1478,7,18.587885457241583,45
23.30431363879771,60.91828794799237,1479,7,18.587885457241583,45
23.29509107714944,60.91880566216511,1480,7,18.587885457241583,45
23.285868515501168,60.91932337633786,1481,7,18.587885457241583,45
23.2766459538529,60.919841090510594,1482,7,18.587885457241583,45
23.26742339220463,60.92035880468334,1483,7,18.587885457241583,45
23.25820083055636,60.92087651885608,1484,7,18.587885457241583,45
23.24897826890809,60.92139423302883,1485,7,18.587885457241583,45
23.23975570725982,60.92191194720157,1486,7,18.587885457241583,45
23.23053314561155,60.92242966137431,1487,7,18.587885457241583,45
23.22131058396328,60.922947375547054,1488,7,18.587885457241583,45
23.21208802231501,60.9234650897198,1489,7,18.587885457241583,45
23.20286546066674,60.92398280389254,1490,7,18.587885457241583,45
23.19364289901847,60.92450051806529,1491,7,18.587885457241583,45
23.184420337370202,60.925018232238024,1492,7,18.587885457241583,45
23.17519777572193,60.92553594641077,1493,7,18.587885457241583,45
23.16597521407366,60.92605366058351,1494,7,18.587885457241583,45
23.15675265242539,60.92657137475626,1495,7,18.587885457241583,45
23.14753009077712,60.927089088929,1496,7,18.587885457241583,45
23.139510592707992,60.927539268387484,1497,7,45.0,45
23.139510592707992,60.927539268387484,1498,7,45.0,45
23.139510592707992,60.927539268387484,1499,7,45.0,45
23.139510592707992,60.927539268387484,1500,7,45.0,45
23.139510592707992,60.927539268387484,1501,7,45.0,45
23.139510592707992,60.927539268387484,1502,7,45.0,45
23.139510592707992,60.927539268387484,1503,7,45.0,45
23.139510592707992,60.927539268387484,1504,7,45.0,45
23.139510592707992,60.927539268387484,1505,7,45.0,45
23.139510592707992,60.927539268387484,1506,7,45.0,45
23.139510592707992,60.927539268387484,1507,7,45.0,45
23.139510592707992,60.927539268387484,1508,7,45.0,45
23.139510592707992,60.927539268387484,1509,7,45.0,45
23.139510592707992,60.927539268387484,1510,7,45.0,45
23.139510592707992,60.927539268387484,1511,7,45.0,45
23.139510592707992,60.927539268387484,1512,7,45.0,45
23.139510592707992,60.927539268387484,1513,7,45.0,45
23.139510592707992,60.927539268387484,1514,7,45.0,45
23.139510592707992,60.927539268387484,1515,7,45.0,45
23.139510592707992,60.927539268387484,1516,7,45.0,45
23.139510592707992,60.927539268387484,1517,7,45.0,45
23.139510592707992,60.927539268387484,1518,7,45.0,45
23.139510592707992,60.927539268387484,1519,7,45.0,45
23.139510592707992,60.927539268387484,1520,7,45.0,45
23.139510592707992,60.927539268387484,1521,7,45.0,45
23.139510592707992,60.927539268387484,1522,7,45.0,45
23.139510592707992,60.927539268387484,1523,7,45.0,45
23.139510592707992,60.927539268387484,1524,7,45.0,45
23.139510592707992,60.927539268387484,1525,7,45.0,45
23.139510592707992,60.927539268387484,1526,7,45.0,45
23.139510592707992,60.927539268387484,1527,7,45.0,45
23.139510592707992,60.927539268387484,1528,7,45.0,45
23.139510592707992,60.927539268387484,1529,7,45.0,45
23.139510592707992,60.927539268387484,1530,7,45.0,45
23.139510592707992,60.927539268387484,1531,7,45.0,45
23.139510592707992,60.927539268387484,1532,7,45.0,45
23.139510592707992,60.927539268387484,1533,7,45.0,45
23.14725657941475,60.92761645559567,1534,7,45.0,45
23.158039855572657,60.927723908785715,1535,7,45.0,45
23.168823131730562,60.92783136197577,1536,7,45.0,45
23.179606407888464,60.92793881516582,1537,7,45.0,45
23.19038968404637,60.928046268355864,1538,7,45.0,45
23.201172960204275,60.92815372154592,1539,7,45.0,45
23.211956236362177,60.928261174735965,1540,7,45.0,45
23.222739512520082,60.92836862792601,1541,7,45.0,45
23.233522788677984,60.92847608111606,1542,7,45.0,45
23.24430606483589,60.928583534306114,1543,7,45.0,45
23.255089340993795,60.92869098749616,1544,7,45.0,45
23.265872617151697,60.92879844068621,1545,7,45.0,45
23.276655893309602,60.928905893876255,1546,7,45.0,45
23.287439169467504,60.92901334706631,1547,7,45.0,45
23.29822244562541,60.92912080025636,1548,7,45.0,45
23.309005721783315,60.929228253446404,1549,7,45.0,45
23.319788997941217,60.92933570663646,1550,7,45.0,45
23.330572274099122,60.929443159826505,1551,7,45.0,45
23.341355550257028,60.92955061301655,1552,7,45.0,45
23.35213882641493,60.9296580662066,1553,7,45.0,45
23.362922102572835,60.92976551939665,1554,7,45.0,45
23.369694,60.929833,1440,8,0.0,45
23.374032206451677,60.9256557963131,1441,8,0.0,45
23.378370412903354,60.921478592626194,1442,8,0.0,45
23.382708619355032,60.91730138893929,1443,8,0.0,45
23.38704682580671,60.91312418525239,1444,8,0.0,45
23.391385032258388,60.90894698156549,1445,8,0.0,45
23.395723238710065,60.904769777878585,1446,8,0.0,45
23.400061445161743,60.900592574191684,1447,8,0.0,45
23.40439965161342,60.89641537050478,1448,8,0.0,45
23.408737858065102,60.89223816681788,1449,8,0.0,45
23.41307606451678,60.888060963130975,1450,8,0.0,45
23.417414270968457,60.883883759444075,1451,8,0.0,45
23.421752477420135,60.879706555757174,1452,8,0.0,45
23.426090683871813,60.875529352070274,1453,8,0.0,45
23.43042889032349,60.871352148383366,1454,8,0.0,45
23.43476709677517,60.867174944696465,1455,8,0.0,45
23.439105303226846,60.862997741009565,1456,8,0.0,45
23.443443509678524,60.85882053732266,1457,8,0.0,45
23.4477817161302,60.85464333363576,1458,8,0.0,45
23.45211992258188,60.850466129948856,1459,8,0.0,45
23.456458129033557,60.846288926261956,1460,8,0.0,45
23.460796335485234,60.84211172257505,1461,8,0.0,45
23.465134541936912,60.83793451888815,1462,8,0.0,45
23.46947274838859,60.83375731520125,1463,8,0.0,45
23.473810954840268,60.829580111514346,1464,8,0.0,45
23.478149161291945,60.82540290782744,1465,8,0.0,45
23.482487367743627,60.82122570414054,1466,8,0.0,45
23.486825574195304,60.81704850045364,1467,8,0.0,45
23.491163780646982,60.81287129676673,1468,8,0.0,45
23.49550198709866,60.80869409307983,1469,8,0.0,45
23.499840193550337,60.80451688939293,1470,8,0.0,45
23.504178400002015,60.80033968570603,1471,8,0.0,45
23.508516606453693,60.79616248201912,1472,8,0.0,45
23.51285481290537,60.79198527833222,1473,8,0.0,45
23.517193019357048,60.78780807464532,1474,8,0.0,45
23.521531225808726,60.78363087095842,1475,8,0.0,45
23.525869432260404,60.77945366727151,1476,8,0.0,45
23.528475971303454,60.7769438640563,1477,8,45.0,45
23.528475971303454,60.7769438640563,1478,8,45.0,45
23.528475971303454,60.7769438640563,1479,8,45.0,45
23.528475971303454,60.7769438640563,1480,8,45.0,45
23.528475971303454,60.7769438640563,1481,8,45.0,45
23.528475971303454,60.7769438640563,1482,8,45.0,45
23.528475971303454,60.7769438640563,1483,8,45.0,45
23.528475971303454,60.7769438640563,1484,8,45.0,45
23.528475971303454,60.7769438640563,1485,8,45.0,45
23.528475971303454,60.7769438640563,1486,8,45.0,45
23.528475971303454,60.7769438640563,1487,8,45.0,45
23.528475971303454,60.7769438640563,1488,8,45.0,45
23.528475971303454,60.7769438640563,1489,8,45.0,45
23.528475971303454,60.7769438640563,1490,8,45.0,45
23.528475971303454,60.7769438640563,1491,8,45.0,45
23.528475971303454,60.7769438640563,1492,8,45.0,45
23.528475971303454,60.7769438640563,1493,8,45.0,45
23.528475971303454,60.7769438640563,1494,8,45.0,45
23.528475971303454,60.7769438640563,1495,8,45.0,45
23.528475971303454,60.7769438640563,1496,8,45.0,45
23.528475971303454,60.7769438640563,1497,8,45.0,45
23.528475971303454,60.7769438640563,1498,8,45.0,45
23.528475971303454,60.7769438640563,1499,8,45.0,45
23.528475971303454,60.7769438640563,1500,8,45.0,45
23.528475971303454,60.7769438640563,1501,8,45.0,45
23.528475971303454,60.7769438640563,1502,8,45.0,45
23.528475971303454,60.7769438640563,1503,8,45.0,45
23.528475971303454,60.7769438640563,1504,8,45.0,45
23.528475971303454,60.7769438640563,1505,8,45.0,45
23.528475971303454,60.7769438640563,1506,8,45.0,45
23.528475971303454,60.7769438640563,1507,8,45.0,45
23.528475971303454,60.7769438640563,1508,8,45.0,45
23.528475971303454,60.7769438640563,1509,8,45.0,45
23.528475971303454,60.7769438640563,1510,8,45.0,45
23.528475971303454,60.7769438640563,1511,8,45.0,45
23.528475971303454,60.7769438640563,1512,8,45.0,45
23.528475971303454,60.7769438640563,1513,8,45.0,45
23.528475971303454,60.7769438640563,1514,8,45.0,45
23.528475971303454,60.7769438640563,1515,8,45.0,45
23.528475971303454,60.7769438640563,1516,8,45.0,45
23.528475971303454,60.7769438640563,1517,8,45.0,45
23.528475971303454,60.7769438640563,1518,8,45.0,45
23.528475971303454,60.7769438640563,1519,8,45.0,45
23.528475971303454,60.7769438640563,1520,8,45.0,45
23.528475971303454,60.7769438640563,1521,8,45.0,45
23.528475971303454,60.7769438640563,1522,8,45.0,45
23.528475971303454,60.7769438640563,1523,8,45.0,45
23.528475971303454,60.7769438640563,1524,8,45.0,45
23.528475971303454,60.7769438640563,1525,8,45.0,45
23.528475971303454,60.7769438640563,1526,8,45.0,45
23.528475971303454,60.7769438640563,1527,8,45.0,45
23.528475971303454,60.7769438640563,1528,8,45.0,45
23.528475971303454,60.7769438640563,1529,8,45.0,45
23.528475971303454,60.7769438640563,1530,8,45.0,45
23.528475971303454,60.7769438640563,1531,8,45.0,45
23.526947377634542,60.77844153722583,1532,8,45.0,45
23.523117915415973,60.78219353681546,1533,8,45.0,45
23.519288453197408,60.7859455364051,1534,8,45.0,45
23.51545899097884,60.78969753599474,1535,8,45.0,45
23.51162952876027,60.79344953558438,1536,8,45.0,45
23.5078000665417,60.79720153517401,1537,8,45.0,45
23.503970604323136,60.80095353476365,1538,8,45.0,45
23.500141142104567,60.80470553435329,1539,8,45.0,45
23.496311679886,60.80845753394292,1540,8,45.0,45
23.49248221766743,60.81220953353256,1541,8,45.0,45
23.488652755448864,60.8159615331222,1542,8,45.0,45
23.484823293230296,60.81971353271183,1543,8,45.0,45
23.480993831011727,60.82346553230147,1544,8,45.0,45
23.477164368793158,60.82721753189111,1545,8,45.0,45
23.473334906574593,60.83096953148074,1546,8,45.0,45
23.469505444356024,60.83472153107038,1547,8,45.0,45
23.465675982137455,60.83847353066002,1548,8,45.0,45
23.461846519918886,60.84222553024966,1549,8,45.0,45
23.45801705770032,60.84597752983929,1550,8,45.0,45
23.454187595481752,60.84972952942893,1551,8,45.0,45
23.450358133263183,60.853481529018566,1552,8,45.0,45
23.446528671044614,60.8572335286082,1553,8,45.0,45
23.44269920882605,60.86098552819784,1554,8,45.0,45
23.43886974660748,60.864737527787476,1555,8,45.0,45
23.43504028438891,60.86848952737711,1556,8,45.0,45
23.431210822170343,60.87224152696675,1557,8,45.0,45
23.427381359951777,60.875993526556385,1558,8,45.0,45
23.42355189773321,60.87974552614602,1559,8,45.0,45
23.41972243551464,60.883497525735656,1560,8,45.0,45
23.41589297329607,60.887249525325295,1561,8,45.0,45
23.412063511077505,60.891001524914934,1562,8,45.0,45
23.408234048858937,60.894753524504566,1563,8,45.0,45
23.40558278451628,60.897351158887126,1564,8,45.0,45
23.40558278451628,60.897351158887126,1565,8,45.0,45
23.40558278451628,60.897351158887126,1566,8,45.0,45
23.40558278451628,60.897351158887126,1567,8,45.0,45
23.40558278451628,60.897351158887126,1568,8,45.0,45
23.40558278451628,60.897351158887126,1569,8,45.0,45
23.40558278451628,60.897351158887126,1570,8,45.0,45
23.40558278451628,60.897351158887126,1571,8,45.0,45
23.40558278451628,60.897351158887126,1572,8,45.0,45
23.40558278451628,60.897351158887126,1573,8,45.0,45
23.404359250503,60.89845854209754,1574,8,45.0,45
23.40038243355843,60.902057837472675,1575,8,45.0,45
23.39640561661386,60.90565713284781,1576,8,45.0,45
23.392428799669286,60.90925642822294,1577,8,45.0,45
23.388451982724717,60.91285572359807,1578,8,45.0,45
23.384475165780145,60.9164550189732,1579,8,45.0,45
23.380498348835573,60.920054314348334,1580,8,45.0,45
23.376521531891004,60.923653609723466,1581,8,45.0,45
23.372544714946432,60.9272529050986,1582,8,45.0,45
23.362893078108023,60.93572159774974,1,9,0.0,45
23.356092156216043,60.94161019549947,2,9,0.0,45
23.349291234324067,60.94749879324921,3,9,0.0,45
23.342490312432087,60.95338739099895,4,9,0.0,45
23.33568939054011,60.959275988748686,5,9,0.0,45
23.32888846864813,60.96516458649842,6,9,0.0,45
23.322087546756155,60.971053184248156,7,9,0.0,45
23.315286624864175,60.976941781997894,8,9,0.0,45
23.3084857029722,60.982830379747625,9,9,0.0,45
23.30168478108022,60.98871897749736,10,9,0.0,45
23.294883859188243,60.9946075752471,11,9,0.0,45
23.288082937296267,61.00049617299684,12,9,0.0,45
23.281282015404287,61.00638477074657,13,9,0.0,45
23.27448109351231,61.01227336849631,14,9,0.0,45
23.26768017162033,61.01816196624605,15,9,0.0,45
23.260879249728355,61.02405056399578,16,9,0.0,45
23.254078327836375,61.02993916174552,17,9,0.0,45
23.2472774059444,61.035827759495255,18,9,0.0,45
23.24047648405242,61.04171635724499,19,9,0.0,45
23.233675562160442,61.047604954994725,20,9,0.0,45
23.226874640268466,61.05349355274446,21,9,0.0,45
23.220073718376486,61.0593821504942,22,9,0.0,45
23.21327279648451,61.06527074824393,23,9,0.0,45
23.20647187459253,61.07115934599367,24,9,0.0,45
23.199670952700554,61.07704794374341,25,9,0.0,45
23.192870030808574,61.08293654149314,26,9,0.0,45
23.1860691089166,61.08882513924288,27,9,0.0,45
23.17926818702462,61.09471373699262,28,9,0.0,45
23.172467265132642,61.100602334742355,29,9,0.0,45
23.165666343240662,61.106490932492086,30,9,0.0,45
23.158865421348686,61.112379530241824,31,9,0.0,45
23.15206449945671,61.11826812799156,32,9,0.0,45
23.14526357756473,61.124156725741294,33,9,0.0,45
23.138462655672754,61.13004532349103,34,9,0.0,45
23.131661733780774,61.13593392124077,35,9,0.0,45
23.124860811888798,61.14182251899051,36,9,0.0,45
23.118059889996818,61.14771111674024,37,9,0.0,45
23.111258968104842,61.15359971448998,38,9,0.0,45
23.104458046212862,61.159488312239716,39,9,0.0,45
23.097657124320886,61.16537690998945,40,9,0.0,45
23.09085620242891,61.171265507739186,41,9,0.0,45
23.08405528053693,61.177154105488924,42,9,0.0,45
23.077254358644954,61.18304270323866,43,9,0.0,45
23.070664265331626,61.18874875445815,44,9,28.319765122770118,45
23.070664265331626,61.18874875445815,45,9,28.319765122770118,45
23.070664265331626,61.18874875445815,46,9,28.319765122770118,45
23.070664265331626,61.18874875445815,47,9,28.319765122770118,45
23.070664265331626,61.18874875445815,48,9,28.319765122770118,45
23.070664265331626,61.18874875445815,49,9,28.319765122770118,45
23.070664265331626,61.18874875445815,50,9,28.319765122770118,45
23.070664265331626,61.18874875445815,51,9,28.319765122770118,45
23.070664265331626,61.18874875445815,52,9,28.319765122770118,45
23.070664265331626,61.18874875445815,53,9,28.319765122770118,45
23.070664265331626,61.18874875445815,54,9,28.319765122770118,45
23.070664265331626,61.18874875445815,55,9,28.319765122770118,45
23.070664265331626,61.18874875445815,56,9,28.319765122770118,45
23.070664265331626,61.18874875445815,57,9,28.319765122770118,45
23.070664265331626,61.18874875445815,58,9,28.319765122770118,45
23.070664265331626,61.18874875445815,59,9,28.319765122770118,45
23.070664265331626,61.18874875445815,60,9,28.319765122770118,45
23.070664265331626,61.18874875445815,61,9,28.319765122770118,45
23.070664265331626,61.18874875445815,62,9,28.319765122770118,45
23.070664265331626,61.18874875445815,63,9,28.319765122770118,45
23.070664265331626,61.18874875445815,64,9,28.319765122770118,45
23.070664265331626,61.18874875445815,65,9,28.319765122770118,45
23.070664265331626,61.18874875445815,66,9,28.319765122770118,45
23.070664265331626,61.18874875445815,67,9,28.319765122770118,45
23.070664265331626,61.18874875445815,68,9,28.319765122770118,45
23.070664265331626,61.18874875445815,69,9,28.319765122770118,45
23.070664265331626,61.18874875445815,70,9,28.319765122770118,45
23.070664265331626,61.18874875445815,71,9,28.319765122770118,45
23.070664265331626,61.18874875445815,72,9,28.319765122770118,45
23.070664265331626,61.18874875445815,73,9,28.319765122770118,45
23.070664265331626,61.18874875445815,74,9,28.319765122770118,45
23.070664265331626,61.18874875445815,75,9,28.319765122770118,45
23.070664265331626,61.18874875445815,76,9,28.319765122770118,45
23.070664265331626,61.18874875445815,77,9,28.319765122770118,45
23.070664265331626,61.18874875445815,78,9,28.319765122770118,45
23.070664265331626,61.18874875445815,79,9,28.319765122770118,45
23.070664265331626,61.18874875445815,80,9,28.319765122770118,45
23.070664265331626,61.18874875445815,81,9,28.319765122770118,45
23.070664265331626,61.18874875445815,82,9,28.319765122770118,45
23.075505667501577,61.1845568124867,83,9,28.319765122770118,45
23.082312704564792,61.17866291989839,84,9,28.319765122770118,45
23.089119741628004,61.17276902731008,85,9,28.319765122770118,45
23.095926778691215,61.16687513472177,86,9,28.319765122770118,45
23.102733815754426,61.16098124213346,87,9,28.319765122770118,45
23.109540852817638,61.155087349545155,88,9,28.319765122770118,45
23.11634788988085,61.149193456956844,89,9,28.319765122770118,45
23.123154926944064,61.14329956436853,90,9,28.319765122770118,45
23.129961964007276,61.13740567178022,91,9,28.319765122770118,45
23.136769001070487,61.13151177919191,92,9,28.319765122770118,45
23.1435760381337,61.12561788660361,93,9,28.319765122770118,45
23.15038307519691,61.119723994015295,94,9,28.319765122770118,45
23.157190112260125,61.113830101426984,95,9,28.319765122770118,45
23.163997149323336,61.10793620883867,96,9,28.319765122770118,45
23.170804186386547,61.10204231625036,97,9,28.319765122770118,45
23.17761122344976,61.09614842366206,98,9,28.319765122770118,45
23.18441826051297,61.09025453107375,99,9,28.319765122770118,45
23.19122529757618,61.084360638485435,100,9,28.319765122770118,45
23.198032334639397,61.078466745897124,101,9,28.319765122770118,45
23.204839371702608,61.07257285330881,102,9,28.319765122770118,45
23.21164640876582,61.06667896072051,103,9,28.319765122770118,45
23.21845344582903,61.0607850681322,104,9,28.319765122770118,45
23.225260482892242,61.05489117554389,105,9,28.319765122770118,45
23.232067519955457,61.048997282955575,106,9,28.319765122770118,45
23.23887455701867,61.04310339036727,107,9,28.319765122770118,45
23.24568159408188,61.03720949777896,108,9,28.319765122770118,45
23.25248863114509,61.03131560519065,109,9,28.319765122770118,45
23.259295668208303,61.02542171260234,110,9,28.319765122770118,45
23.266102705271514,61.01952782001403,111,9,28.319765122770118,45
23.27290974233473,61.01363392742572,112,9,28.319765122770118,45
23.27971677939794,61.00774003483741,113,9,28.319765122770118,45
23.286523816461152,61.0018461422491,114,9,28.319765122770118,45
23.293330853524363,60.99595224966079,115,9,28.319765122770118,45
23.300137890587575,60.99005835707248,116,9,28.319765122770118,45
23.30694492765079,60.984164464484174,117,9,28.319765122770118,45
23.313751964714,60.97827057189586,118,9,28.319765122770118,45
23.320559001777212,60.97237667930755,119,9,28.319765122770118,45
23.327366038840424,60.96648278671924,120,9,28.319765122770118,45
23.334173075903635,60.96058889413093,121,9,28.319765122770118,45
23.340980112966847,60.954695001542625,122,9,28.319765122770118,45
23.34778715003006,60.948801108954314,123,9,28.319765122770118,45
23.354594187093273,60.942907216366,124,9,28.319765122770118,45
23.361401224156484,60.93701332377769,125,9,28.319765122770118,45
23.368208261219696,60.93111943118938,126,9,28.319765122770118,45
23.369694,60.929833,1440,9,0,45
23.356556310268267,60.934840152294555,1441,9,0,45
23.343418620536536,60.9398473045891,1442,9,0,45
23.330280930804804,60.944854456883654,1443,9,0,45
23.31714324107307,60.9498616091782,1444,9,0,45
23.304005551341337,60.95486876147275,1445,9,0,45
23.290867861609605,60.9598759137673,1446,9,0,45
23.277730171877874,60.96488306606185,1447,9,0,45
23.264592482146142,60.9698902183564,1448,9,0,45
23.25145479241441,60.97489737065095,1449,9,0,45
23.23831710268268,60.9799045229455,1450,9,0,45
23.225179412950943,60.98491167524005,1451,9,0,45
23.21204172321921,60.9899188275346,1452,9,0,45
23.19890403348748,60.99492597982915,1453,9,0,45
23.18576634375575,60.9999331321237,1454,9,0,45
23.172628654024017,61.00494028441825,1455,9,0,45
23.159490964292285,61.0099474367128,1456,9,0,45
23.146353274560553,61.014954589007345,1457,9,0,45
23.13321558482882,61.0199617413019,1458,9,0,45
23.120077895097086,61.02496889359645,1459,9,0,45
23.106940205365355,61.029976045891,1460,9,0,45
23.093802515633623,61.03498319818555,1461,9,0,45
23.08066482590189,61.039990350480096,1462,9,0,45
23.06752713617016,61.04499750277465,1463,9,0,45
23.054389446438428,61.050004655069195,1464,9,0,45
23.041251756706696,61.05501180736375,1465,9,0,45
23.02811406697496,61.0600189596583,1466,9,0,45
23.01497637724323,61.06502611195285,1467,9,0,45
23.001838687511498,61.0700332642474,1468,9,0,45
22.988700997779766,61.075040416541945,1469,9,0,45
22.975563308048034,61.0800475688365,1470,9,0,45
22.962425618316303,61.085054721131044,1471,9,0,45
22.94928792858457,61.0900618734256,1472,9,0,45
22.936150238852836,61.09506902572014,1473,9,0,45
22.923012549121104,61.100076178014696,1474,9,0,45
22.909874859389372,61.10508333030925,1475,9,0,45
22.89886547539418,61.10927932393208,1476,9,45,45
22.89886547539418,61.10927932393208,1477,9,45,45
22.89886547539418,61.10927932393208,1478,9,45,45
22.89886547539418,61.10927932393208,1479,9,45,45
22.89886547539418,61.10927932393208,1480,9,45,45
22.89886547539418,61.10927932393208,1481,9,45,45
22.89886547539418,61.10927932393208,1482,9,45,45
22.89886547539418,61.10927932393208,1483,9,45,45
22.89886547539418,61.10927932393208,1484,9,45,45
22.89886547539418,61.10927932393208,1485,9,45,45
22.89886547539418,61.10927932393208,1486,9,45,45
22.89886547539418,61.10927932393208,1487,9,45,45
22.89886547539418,61.10927932393208,1488,9,45,45
22.89886547539418,61.10927932393208,1489,9,45,45
22.89886547539418,61.10927932393208,1490,9,45,45
22.89886547539418,61.10927932393208,1491,9,45,45
22.89886547539418,61.10927932393208,1492,9,45,45
22.89886547539418,61.10927932393208,1493,9,45,45
22.89886547539418,61.10927932393208,1494,9,45,45
22.89886547539418,61.10927932393208,1495,9,45,45
22.89886547539418,61.10927932393208,1496,9,45,45
22.89886547539418,61.10927932393208,1497,9,45,45
22.89886547539418,61.10927932393208,1498,9,45,45
22.89886547539418,61.10927932393208,1499,9,45,45
22.89886547539418,61.10927932393208,1500,9,45,45
22.89886547539418,61.10927932393208,1501,9,45,45
22.89886547539418,61.10927932393208,1502,9,45,45
22.89886547539418,61.10927932393208,1503,9,45,45
22.89886547539418,61.10927932393208,1504,9,45,45
22.89886547539418,61.10927932393208,1505,9,45,45
22.89886547539418,61.10927932393208,1506,9,45,45
22.89886547539418,61.10927932393208,1507,9,45,45
22.89886547539418,61.10927932393208,1508,9,45,45
22.89886547539418,61.10927932393208,1509,9,45,45
22.89886547539418,61.10927932393208,1510,9,45,45
22.89886547539418,61.10927932393208,1511,9,45,45
22.89886547539418,61.10927932393208,1512,9,45,45
22.89886547539418,61.10927932393208,1513,9,45,45
22.89886547539418,61.10927932393208,1514,9,45,45
22.89886547539418,61.10927932393208,1515,9,45,45
22.89886547539418,61.10927932393208,1516,9,45,45
22.89886547539418,61.10927932393208,1517,9,45,45
22.89886547539418,61.10927932393208,1518,9,45,45
22.89886547539418,61.10927932393208,1519,9,45,45
22.89886547539418,61.10927932393208,1520,9,45,45
22.89886547539418,61.10927932393208,1521,9,45,45
22.89886547539418,61.10927932393208,1522,9,45,45
22.89886547539418,61.10927932393208,1523,9,45,45
22.89886547539418,61.10927932393208,1524,9,45,45
22.89886547539418,61.10927932393208,1525,9,45,45
22.89886547539418,61.10927932393208,1526,9,45,45
22.89886547539418,61.10927932393208,1527,9,45,45
22.89886547539418,61.10927932393208,1528,9,45,45
22.89886547539418,61.10927932393208,1529,9,45,45
22.89886547539418,61.10927932393208,1530,9,45,45
22.9009936029851,61.10846823315679,1531,9,45,45
22.914130193052504,61.10346149997602,1532,9,45,45
22.927266783119908,61.09845476679525,1533,9,45,45
22.940403373187312,61.09344803361447,1534,9,45,45
22.953539963254716,61.0884413004337,1535,9,45,45
22.96667655332212,61.08343456725293,1536,9,45,45
22.979813143389524,61.07842783407216,1537,9,45,45
22.99294973345693,61.07342110089138,1538,9,45,45
23.006086323524332,61.06841436771061,1539,9,45,45
23.019222913591737,61.06340763452984,1540,9,45,45
23.032359503659137,61.05840090134907,1541,9,45,45
23.04549609372654,61.053394168168296,1542,9,45,45
23.058632683793945,61.04838743498752,1543,9,45,45
23.07176927386135,61.04338070180675,1544,9,45,45
23.084905863928753,61.038373968625976,1545,9,45,45
23.098042453996158,61.033367235445205,1546,9,45,45
23.11117904406356,61.02836050226443,1547,9,45,45
23.124315634130966,61.023353769083656,1548,9,45,45
23.13745222419837,61.018347035902885,1549,9,45,45
23.150588814265774,61.01334030272211,1550,9,45,45
23.163725404333178,61.008333569541335,1551,9,45,45
23.17686199440058,61.003326836360564,1552,9,45,45
23.189998584467983,60.99832010317979,1553,9,45,45
23.203135174535387,60.99331336999902,1554,9,45,45
23.21627176460279,60.988306636818244,1555,9,45,45
23.229408354670195,60.98329990363747,1556,9,45,45
23.2425449447376,60.9782931704567,1557,9,45,45
23.255681534805003,60.97328643727593,1558,9,45,45
23.268818124872407,60.96827970409515,1559,9,45,45
23.28195471493981,60.96327297091438,1560,9,45,45
23.295091305007215,60.95826623773361,1561,9,45,45
23.308227895074616,60.95325950455284,1562,9,45,45
23.32136448514202,60.94825277137206,1563,9,45,45
23.334501075209424,60.94324603819129,1564,9,45,45
23.347637665276828,60.93823930501052,1565,9,45,45
23.360774255344232,60.93323257182975,1566,9,45,45
